measure_id,measure_name,location_id,location_name,sex_id,sex_name,age_id,age_name,cause_id,cause_name,metric_id,metric_name,year,val,upper,lower
2,DALYs (Disability-Adjusted Life Years),1,Global,3,Both,22,All Ages,410,Neoplasms,1,Number,1990,159583902.15501112,165455156.54346016,155128690.21254095
2,DALYs (Disability-Adjusted Life Years),1,Global,3,Both,22,All Ages,410,Neoplasms,2,Percent,1990,0.062343812814834594,0.06615315156033648,0.05836340790958671
2,DALYs (Disability-Adjusted Life Years),1,Global,3,Both,22,All Ages,410,Neoplasms,3,Rate,1990,2958.156791434653,3066.9903943788936,2875.5719236194936
2,DALYs (Disability-Adjusted Life Years),1,Global,3,Both,22,All Ages,410,Neoplasms,1,Number,1991,162771205.66142708,168399229.31931564,158484349.20661175
2,DALYs (Disability-Adjusted Life Years),1,Global,3,Both,22,All Ages,410,Neoplasms,2,Percent,1991,0.06316763194514598,0.06705081233888166,0.059165683877162235
2,DALYs (Disability-Adjusted Life Years),1,Global,3,Both,22,All Ages,410,Neoplasms,3,Rate,1991,2971.250331356859,3073.9851307363565,2892.9974019760707
2,DALYs (Disability-Adjusted Life Years),1,Global,3,Both,22,All Ages,410,Neoplasms,1,Number,1993,170170363.21458736,175884205.97299454,166071191.21685955
2,DALYs (Disability-Adjusted Life Years),1,Global,3,Both,22,All Ages,410,Neoplasms,2,Percent,1993,0.06558557236476166,0.06964399369143172,0.061381240639472284
2,DALYs (Disability-Adjusted Life Years),1,Global,3,Both,22,All Ages,410,Neoplasms,3,Rate,1993,3017.2983583075625,3118.610761060263,2944.615755382353
2,DALYs (Disability-Adjusted Life Years),1,Global,3,Both,22,All Ages,410,Neoplasms,1,Number,1995,175430836.80159566,181078995.93054378,171372719.53550825
2,DALYs (Disability-Adjusted Life Years),1,Global,3,Both,22,All Ages,410,Neoplasms,2,Percent,1995,0.06726484092250959,0.07141248276938642,0.0629870208250557
2,DALYs (Disability-Adjusted Life Years),1,Global,3,Both,22,All Ages,410,Neoplasms,3,Rate,1995,3026.7925132643722,3124.242916379991,2956.775866345941
2,DALYs (Disability-Adjusted Life Years),1,Global,3,Both,22,All Ages,410,Neoplasms,1,Number,1992,166192206.67728582,171921534.78644156,161992730.26688957
2,DALYs (Disability-Adjusted Life Years),1,Global,3,Both,22,All Ages,410,Neoplasms,2,Percent,1992,0.06441240243745554,0.06842170880718881,0.060332158234663445
2,DALYs (Disability-Adjusted Life Years),1,Global,3,Both,22,All Ages,410,Neoplasms,3,Rate,1992,2988.760385735372,3091.7952345521735,2913.238019270892
2,DALYs (Disability-Adjusted Life Years),1,Global,3,Both,22,All Ages,410,Neoplasms,1,Number,1994,172974799.68004,178721499.49409592,168873131.50226235
2,DALYs (Disability-Adjusted Life Years),1,Global,3,Both,22,All Ages,410,Neoplasms,2,Percent,1994,0.06569658804838596,0.06962928143639853,0.06155069547646341
2,DALYs (Disability-Adjusted Life Years),1,Global,3,Both,22,All Ages,410,Neoplasms,3,Rate,1994,3025.260000913402,3125.7674801351054,2953.5234664690624
2,DALYs (Disability-Adjusted Life Years),1,Global,3,Both,22,All Ages,410,Neoplasms,1,Number,1996,176810968.41952392,182154681.0778548,172907569.84605592
2,DALYs (Disability-Adjusted Life Years),1,Global,3,Both,22,All Ages,410,Neoplasms,2,Percent,1996,0.06794280081355192,0.07217523308638109,0.06359065208254107
2,DALYs (Disability-Adjusted Life Years),1,Global,3,Both,22,All Ages,410,Neoplasms,3,Rate,1996,3010.0444993570627,3101.016304088027,2943.5927203193082
2,DALYs (Disability-Adjusted Life Years),1,Global,3,Both,22,All Ages,410,Neoplasms,1,Number,1998,180029011.22459382,184927787.06455168,176387881.3870784
2,DALYs (Disability-Adjusted Life Years),1,Global,3,Both,22,All Ages,410,Neoplasms,2,Percent,1998,0.0690397564003313,0.07324262136148714,0.06466388917139364
2,DALYs (Disability-Adjusted Life Years),1,Global,3,Both,22,All Ages,410,Neoplasms,3,Rate,1998,2984.845305098368,3066.066037063539,2924.4760944537406
2,DALYs (Disability-Adjusted Life Years),1,Global,3,Both,22,All Ages,410,Neoplasms,1,Number,1999,182600804.00009632,187236081.1174474,179134677.3598199
2,DALYs (Disability-Adjusted Life Years),1,Global,3,Both,22,All Ages,410,Neoplasms,2,Percent,1999,0.06983525092723118,0.07407574167559573,0.06537062983645998
2,DALYs (Disability-Adjusted Life Years),1,Global,3,Both,22,All Ages,410,Neoplasms,3,Rate,1999,2988.567088858008,3064.431139492992,2931.838138185158
2,DALYs (Disability-Adjusted Life Years),1,Global,3,Both,22,All Ages,410,Neoplasms,1,Number,1997,178218626.83895692,183312750.71998575,174453457.20421284
2,DALYs (Disability-Adjusted Life Years),1,Global,3,Both,22,All Ages,410,Neoplasms,2,Percent,1997,0.06838590097649604,0.07259335072599434,0.06404035277741828
2,DALYs (Disability-Adjusted Life Years),1,Global,3,Both,22,All Ages,410,Neoplasms,3,Rate,1997,2993.848679003236,3079.423550285788,2930.598566839665
2,DALYs (Disability-Adjusted Life Years),1,Global,3,Both,22,All Ages,410,Neoplasms,1,Number,2001,185436128.6920709,189571474.8840995,182102993.07864347
2,DALYs (Disability-Adjusted Life Years),1,Global,3,Both,22,All Ages,410,Neoplasms,2,Percent,2001,0.07135523598039899,0.07577815346557683,0.06668280896277133
2,DALYs (Disability-Adjusted Life Years),1,Global,3,Both,22,All Ages,410,Neoplasms,3,Rate,2001,2958.0812128155417,3024.0483464340473,2904.910960031529
2,DALYs (Disability-Adjusted Life Years),1,Global,3,Both,22,All Ages,410,Neoplasms,1,Number,2003,188794905.55505064,192394816.1957448,185813236.90733713
2,DALYs (Disability-Adjusted Life Years),1,Global,3,Both,22,All Ages,410,Neoplasms,2,Percent,2003,0.07318568524833222,0.0777160389645369,0.06827524068927807
2,DALYs (Disability-Adjusted Life Years),1,Global,3,Both,22,All Ages,410,Neoplasms,3,Rate,2003,2935.4255773372606,2991.397796183711,2889.065923797293
2,DALYs (Disability-Adjusted Life Years),1,Global,3,Both,22,All Ages,410,Neoplasms,1,Number,2000,184483837.88675475,189002988.45311707,180967077.36696917
2,DALYs (Disability-Adjusted Life Years),1,Global,3,Both,22,All Ages,410,Neoplasms,2,Percent,2000,0.07064545120384247,0.07501155466836916,0.06607867994860644
2,DALYs (Disability-Adjusted Life Years),1,Global,3,Both,22,All Ages,410,Neoplasms,3,Rate,2000,2980.7850594230167,3053.8029272416857,2923.9632405849875
2,DALYs (Disability-Adjusted Life Years),1,Global,3,Both,22,All Ages,410,Neoplasms,1,Number,2002,187178184.77609092,190991571.6289009,184055678.89519143
2,DALYs (Disability-Adjusted Life Years),1,Global,3,Both,22,All Ages,410,Neoplasms,2,Percent,2002,0.07223958000052116,0.07668864251604905,0.06749800573920614
2,DALYs (Disability-Adjusted Life Years),1,Global,3,Both,22,All Ages,410,Neoplasms,3,Rate,2002,2947.882394493622,3007.9396921976218,2898.7058297993044
2,DALYs (Disability-Adjusted Life Years),1,Global,3,Both,22,All Ages,410,Neoplasms,1,Number,2004,189877522.71528077,193325242.97626016,186963510.83232865
2,DALYs (Disability-Adjusted Life Years),1,Global,3,Both,22,All Ages,410,Neoplasms,2,Percent,2004,0.07359619777313577,0.07814883347529533,0.06860384719631892
2,DALYs (Disability-Adjusted Life Years),1,Global,3,Both,22,All Ages,410,Neoplasms,3,Rate,2004,2914.88060992952,2967.8078484645384,2870.1465275944665
2,DALYs (Disability-Adjusted Life Years),1,Global,3,Both,22,All Ages,410,Neoplasms,1,Number,2005,191747335.68079963,195078095.9725717,188829597.53792924
2,DALYs (Disability-Adjusted Life Years),1,Global,3,Both,22,All Ages,410,Neoplasms,2,Percent,2005,0.07466247706039027,0.07938850697772458,0.06945381387150687
2,DALYs (Disability-Adjusted Life Years),1,Global,3,Both,22,All Ages,410,Neoplasms,3,Rate,2005,2906.3260916236877,2956.810629030955,2862.101756182248
2,DALYs (Disability-Adjusted Life Years),1,Global,3,Both,22,All Ages,410,Neoplasms,1,Number,2007,194263389.9924198,197128121.3552307,191233913.74882245
2,DALYs (Disability-Adjusted Life Years),1,Global,3,Both,22,All Ages,410,Neoplasms,2,Percent,2007,0.07666952110879575,0.08179144208926235,0.07116453873145255
2,DALYs (Disability-Adjusted Life Years),1,Global,3,Both,22,All Ages,410,Neoplasms,3,Rate,2007,2870.2162430310877,2912.542275176317,2825.4561267652834
2,DALYs (Disability-Adjusted Life Years),1,Global,3,Both,22,All Ages,410,Neoplasms,1,Number,2006,192135409.01709807,195136150.52768737,189143718.3459965
2,DALYs (Disability-Adjusted Life Years),1,Global,3,Both,22,All Ages,410,Neoplasms,2,Percent,2006,0.07546924066235945,0.08035564993780439,0.07008539076121047
2,DALYs (Disability-Adjusted Life Years),1,Global,3,Both,22,All Ages,410,Neoplasms,3,Rate,2006,2875.5434293430562,2920.4532280005446,2830.769087664332
2,DALYs (Disability-Adjusted Life Years),1,Global,3,Both,22,All Ages,410,Neoplasms,1,Number,2010,204096940.35971522,207372758.37573424,200762602.90027034
2,DALYs (Disability-Adjusted Life Years),1,Global,3,Both,22,All Ages,410,Neoplasms,2,Percent,2010,0.08037990194944931,0.08615668891497989,0.07462844136082374
2,DALYs (Disability-Adjusted Life Years),1,Global,3,Both,22,All Ages,410,Neoplasms,3,Rate,2010,2902.020617255501,2948.5989314825997,2854.610224747205
2,DALYs (Disability-Adjusted Life Years),1,Global,3,Both,22,All Ages,410,Neoplasms,1,Number,2009,200821070.11874518,203906642.3472262,197583547.7045155
2,DALYs (Disability-Adjusted Life Years),1,Global,3,Both,22,All Ages,410,Neoplasms,2,Percent,2009,0.07947530374481115,0.08504400876616466,0.07382671536230084
2,DALYs (Disability-Adjusted Life Years),1,Global,3,Both,22,All Ages,410,Neoplasms,3,Rate,2009,2891.2624584076443,2935.6860796025585,2844.6511789787437
2,DALYs (Disability-Adjusted Life Years),1,Global,3,Both,22,All Ages,410,Neoplasms,1,Number,2011,207144338.15692,210404878.98471206,203592075.56554464
2,DALYs (Disability-Adjusted Life Years),1,Global,3,Both,22,All Ages,410,Neoplasms,2,Percent,2011,0.08225110749137389,0.08834911345218349,0.07610419765113054
2,DALYs (Disability-Adjusted Life Years),1,Global,3,Both,22,All Ages,410,Neoplasms,3,Rate,2011,2909.3621260568957,2955.1567351649396,2859.470256758846
2,DALYs (Disability-Adjusted Life Years),1,Global,3,Both,22,All Ages,410,Neoplasms,1,Number,2008,197683814.43792877,200672297.02836105,194613722.69062287
2,DALYs (Disability-Adjusted Life Years),1,Global,3,Both,22,All Ages,410,Neoplasms,2,Percent,2008,0.0777281719485379,0.08298925872786803,0.07221340593238613
2,DALYs (Disability-Adjusted Life Years),1,Global,3,Both,22,All Ages,410,Neoplasms,3,Rate,2008,2883.1112852690508,2926.696684037298,2838.3356611814834
2,DALYs (Disability-Adjusted Life Years),1,Global,3,Both,22,All Ages,410,Neoplasms,1,Number,2015,225744495.3289515,229584797.11395037,221443516.2977477
2,DALYs (Disability-Adjusted Life Years),1,Global,3,Both,22,All Ages,410,Neoplasms,2,Percent,2015,0.09025822504856654,0.09743991622745535,0.08310077358831547
2,DALYs (Disability-Adjusted Life Years),1,Global,3,Both,22,All Ages,410,Neoplasms,3,Rate,2015,3022.3483385476534,3073.763677391242,2964.7652873634142
2,DALYs (Disability-Adjusted Life Years),1,Global,3,Both,22,All Ages,410,Neoplasms,1,Number,2013,213933181.8718594,217385118.92824617,210052326.41033456
2,DALYs (Disability-Adjusted Life Years),1,Global,3,Both,22,All Ages,410,Neoplasms,2,Percent,2013,0.08564440829065169,0.09223530198854452,0.079013687318955
2,DALYs (Disability-Adjusted Life Years),1,Global,3,Both,22,All Ages,410,Neoplasms,3,Rate,2013,2931.5528112120214,2978.8551309982013,2878.3729695502675
2,DALYs (Disability-Adjusted Life Years),1,Global,3,Both,22,All Ages,410,Neoplasms,1,Number,2014,219304178.98503488,222859716.90386644,215019899.79072914
2,DALYs (Disability-Adjusted Life Years),1,Global,3,Both,22,All Ages,410,Neoplasms,2,Percent,2014,0.08770455890034358,0.09455691869464797,0.08083897871823022
2,DALYs (Disability-Adjusted Life Years),1,Global,3,Both,22,All Ages,410,Neoplasms,3,Rate,2014,2969.453076768017,3017.5962679352056,2911.4424811918493
2,DALYs (Disability-Adjusted Life Years),1,Global,3,Both,22,All Ages,410,Neoplasms,1,Number,2012,210471958.72848696,213859507.5812977,206864349.671716
2,DALYs (Disability-Adjusted Life Years),1,Global,3,Both,22,All Ages,410,Neoplasms,2,Percent,2012,0.08392307010841765,0.09025346069629993,0.07759432737499773
2,DALYs (Disability-Adjusted Life Years),1,Global,3,Both,22,All Ages,410,Neoplasms,3,Rate,2012,2919.9338098939597,2966.930181703991,2869.8844839819308
2,DALYs (Disability-Adjusted Life Years),1,Global,3,Both,22,All Ages,410,Neoplasms,1,Number,2017,233513216.6982606,237972854.287519,228805646.4374147
2,DALYs (Disability-Adjusted Life Years),1,Global,3,Both,22,All Ages,410,Neoplasms,2,Percent,2017,0.09361515842156677,0.1015039958593746,0.0860907252625745
2,DALYs (Disability-Adjusted Life Years),1,Global,3,Both,22,All Ages,410,Neoplasms,3,Rate,2017,3056.2692969632812,3114.6379564865065,2994.6556433339365
2,DALYs (Disability-Adjusted Life Years),1,Global,3,Both,22,All Ages,410,Neoplasms,1,Number,2016,230815088.44883496,234963965.04527634,226531215.6423186
2,DALYs (Disability-Adjusted Life Years),1,Global,3,Both,22,All Ages,410,Neoplasms,2,Percent,2016,0.09232437027556775,0.09982864587210394,0.08494717753439476
2,DALYs (Disability-Adjusted Life Years),1,Global,3,Both,22,All Ages,410,Neoplasms,3,Rate,2016,3055.3344308894166,3110.2537414067997,2998.6281550074495
4,YLLs (Years of Life Lost),1,Global,3,Both,22,All Ages,410,Neoplasms,1,Number,1990,156113065.75541782,161928310.09003153,151954275.51129475
4,YLLs (Years of Life Lost),1,Global,3,Both,22,All Ages,410,Neoplasms,2,Percent,1990,0.07805396501851056,0.08098183537964883,0.07582554800172865
4,YLLs (Years of Life Lost),1,Global,3,Both,22,All Ages,410,Neoplasms,3,Rate,1990,2893.818984621014,3001.6143467470774,2816.7287929495837
4,YLLs (Years of Life Lost),1,Global,3,Both,22,All Ages,410,Neoplasms,1,Number,1991,159172449.02656814,164982262.87844795,155202735.87853155
4,YLLs (Years of Life Lost),1,Global,3,Both,22,All Ages,410,Neoplasms,2,Percent,1991,0.07925936729256705,0.08220120024031459,0.07708253490032474
4,YLLs (Years of Life Lost),1,Global,3,Both,22,All Ages,410,Neoplasms,3,Rate,1991,2905.5580806891408,3011.611305904086,2833.0943334399512
4,YLLs (Years of Life Lost),1,Global,3,Both,22,All Ages,410,Neoplasms,1,Number,1992,162458141.71674693,168317657.22055918,158543048.20951557
4,YLLs (Years of Life Lost),1,Global,3,Both,22,All Ages,410,Neoplasms,2,Percent,1992,0.0811100982358199,0.08411368600074523,0.07899592630649575
4,YLLs (Years of Life Lost),1,Global,3,Both,22,All Ages,410,Neoplasms,3,Rate,1992,2921.6078660417584,3026.983973426885,2851.199772817604
4,YLLs (Years of Life Lost),1,Global,3,Both,22,All Ages,410,Neoplasms,1,Number,1994,168975166.41386113,174802773.16028354,165151324.17906433
4,YLLs (Years of Life Lost),1,Global,3,Both,22,All Ages,410,Neoplasms,2,Percent,1994,0.08290311628680154,0.08586814929513444,0.0809404081720229
4,YLLs (Years of Life Lost),1,Global,3,Both,22,All Ages,410,Neoplasms,3,Rate,1994,2955.308016226178,3057.2305253062077,2888.4305463049423
4,YLLs (Years of Life Lost),1,Global,3,Both,22,All Ages,410,Neoplasms,1,Number,1993,166288241.59855536,172183082.97317958,162393565.184201
4,YLLs (Years of Life Lost),1,Global,3,Both,22,All Ages,410,Neoplasms,2,Percent,1993,0.08278053266940269,0.08581328335717442,0.08073619669922252
4,YLLs (Years of Life Lost),1,Global,3,Both,22,All Ages,410,Neoplasms,3,Rate,1993,2948.464285455333,3052.9859828069907,2879.407602909782
4,YLLs (Years of Life Lost),1,Global,3,Both,22,All Ages,410,Neoplasms,1,Number,1995,171321108.0793607,176898382.65234998,167556862.82813075
4,YLLs (Years of Life Lost),1,Global,3,Both,22,All Ages,410,Neoplasms,2,Percent,1995,0.08547745040214039,0.08839793370898692,0.0835297216264782
4,YLLs (Years of Life Lost),1,Global,3,Both,22,All Ages,410,Neoplasms,3,Rate,1995,2955.885389096253,3052.112786911354,2890.939057241267
4,YLLs (Years of Life Lost),1,Global,3,Both,22,All Ages,410,Neoplasms,1,Number,1996,172611678.89410385,178000757.2588028,168979501.2243856
4,YLLs (Years of Life Lost),1,Global,3,Both,22,All Ages,410,Neoplasms,2,Percent,1996,0.08676991119424438,0.08950464023940105,0.08495991048812179
4,YLLs (Years of Life Lost),1,Global,3,Both,22,All Ages,410,Neoplasms,3,Rate,1996,2938.55544836557,3030.2995626208426,2876.7209563476204
4,YLLs (Years of Life Lost),1,Global,3,Both,22,All Ages,410,Neoplasms,1,Number,1997,173926398.5292476,179065486.63826042,170496320.08707717
4,YLLs (Years of Life Lost),1,Global,3,Both,22,All Ages,410,Neoplasms,2,Percent,1997,0.0876707395144283,0.09024725276110689,0.08586246288532495
4,YLLs (Years of Life Lost),1,Global,3,Both,22,All Ages,410,Neoplasms,3,Rate,1997,2921.744644296383,3008.0748580307336,2864.123642523944
4,YLLs (Years of Life Lost),1,Global,3,Both,22,All Ages,410,Neoplasms,1,Number,1999,178082043.1611812,182517820.57481438,174919719.23062557
4,YLLs (Years of Life Lost),1,Global,3,Both,22,All Ages,410,Neoplasms,2,Percent,1999,0.09021336773017768,0.09249235594207189,0.08856454988381436
4,YLLs (Years of Life Lost),1,Global,3,Both,22,All Ages,410,Neoplasms,3,Rate,1999,2914.6100216941923,2987.2089265263767,2862.8533096965707
4,YLLs (Years of Life Lost),1,Global,3,Both,22,All Ages,410,Neoplasms,1,Number,1998,175630295.8833258,180329366.01956135,172322778.64954832
4,YLLs (Years of Life Lost),1,Global,3,Both,22,All Ages,410,Neoplasms,2,Percent,1998,0.08886765399368245,0.09130934782261906,0.0871438216609591
4,YLLs (Years of Life Lost),1,Global,3,Both,22,All Ages,410,Neoplasms,3,Rate,1998,2911.9154770359887,2989.825128036485,2857.0774972036465
4,YLLs (Years of Life Lost),1,Global,3,Both,22,All Ages,410,Neoplasms,1,Number,2000,179864828.43433243,183994325.99845424,176765118.51246342
4,YLLs (Years of Life Lost),1,Global,3,Both,22,All Ages,410,Neoplasms,2,Percent,2000,0.09172154539532716,0.09394198652232569,0.09007775656447523
4,YLLs (Years of Life Lost),1,Global,3,Both,22,All Ages,410,Neoplasms,3,Rate,2000,2906.1537284466704,2972.875804391409,2856.070376270718
4,YLLs (Years of Life Lost),1,Global,3,Both,22,All Ages,410,Neoplasms,1,Number,2001,180711528.2685928,184642498.84899896,177741517.12586775
4,YLLs (Years of Life Lost),1,Global,3,Both,22,All Ages,410,Neoplasms,2,Percent,2001,0.09323279214703935,0.09518530457823993,0.09159965671689534
4,YLLs (Years of Life Lost),1,Global,3,Both,22,All Ages,410,Neoplasms,3,Rate,2001,2882.714282706909,2945.421212063373,2835.33659948458
4,YLLs (Years of Life Lost),1,Global,3,Both,22,All Ages,410,Neoplasms,1,Number,2002,182317703.9609105,185932883.10610658,179442126.79843295
4,YLLs (Years of Life Lost),1,Global,3,Both,22,All Ages,410,Neoplasms,2,Percent,2002,0.09493590020506001,0.09682593486531313,0.09337852156119537
4,YLLs (Years of Life Lost),1,Global,3,Both,22,All Ages,410,Neoplasms,3,Rate,2002,2871.334340344122,2928.2700509228584,2826.0466734003753
4,YLLs (Years of Life Lost),1,Global,3,Both,22,All Ages,410,Neoplasms,1,Number,2004,184762496.23963773,188025069.78063652,182174304.8897702
4,YLLs (Years of Life Lost),1,Global,3,Both,22,All Ages,410,Neoplasms,2,Percent,2004,0.09784481355387352,0.09947104762086867,0.09645240597799742
4,YLLs (Years of Life Lost),1,Global,3,Both,22,All Ages,410,Neoplasms,3,Rate,2004,2836.357932363918,2886.4429146047373,2796.6256424507537
4,YLLs (Years of Life Lost),1,Global,3,Both,22,All Ages,410,Neoplasms,1,Number,2003,183795486.16835532,187181956.8410314,181086635.62352824
4,YLLs (Years of Life Lost),1,Global,3,Both,22,All Ages,410,Neoplasms,2,Percent,2003,0.09680302089476138,0.09856337779024382,0.09535703730146863
4,YLLs (Years of Life Lost),1,Global,3,Both,22,All Ages,410,Neoplasms,3,Rate,2003,2857.6934823085517,2910.3470886135024,2815.5756658818223
4,YLLs (Years of Life Lost),1,Global,3,Both,22,All Ages,410,Neoplasms,1,Number,2005,186494517.79540387,189710111.11549598,183877359.30219492
4,YLLs (Years of Life Lost),1,Global,3,Both,22,All Ages,410,Neoplasms,2,Percent,2005,0.0999743163090785,0.10159943331971868,0.09852935449386481
4,YLLs (Years of Life Lost),1,Global,3,Both,22,All Ages,410,Neoplasms,3,Rate,2005,2826.708809742458,2875.4477543178955,2787.040378430379
4,YLLs (Years of Life Lost),1,Global,3,Both,22,All Ages,410,Neoplasms,1,Number,2006,186771650.628,189536269.32881153,184172142.8392774
4,YLLs (Years of Life Lost),1,Global,3,Both,22,All Ages,410,Neoplasms,2,Percent,2006,0.10196314673580786,0.10349247497710867,0.10044484877786401
4,YLLs (Years of Life Lost),1,Global,3,Both,22,All Ages,410,Neoplasms,3,Rate,2006,2795.268167894592,2836.6440974040274,2756.363326878423
4,YLLs (Years of Life Lost),1,Global,3,Both,22,All Ages,410,Neoplasms,1,Number,2007,188734339.85104537,191419935.53036818,186068859.65704238
4,YLLs (Years of Life Lost),1,Global,3,Both,22,All Ages,410,Neoplasms,2,Percent,2007,0.10438585035305284,0.10593868072166102,0.10277118156494348
4,YLLs (Years of Life Lost),1,Global,3,Both,22,All Ages,410,Neoplasms,3,Rate,2007,2788.5252485265432,2828.204574318736,2749.143126405618
4,YLLs (Years of Life Lost),1,Global,3,Both,22,All Ages,410,Neoplasms,1,Number,2008,191945671.65307036,194692238.25131628,189312314.2452456
4,YLLs (Years of Life Lost),1,Global,3,Both,22,All Ages,410,Neoplasms,2,Percent,2008,0.10631020212584115,0.107916955836181,0.10469506758022404
4,YLLs (Years of Life Lost),1,Global,3,Both,22,All Ages,410,Neoplasms,3,Rate,2008,2799.4235829321187,2839.4807680773015,2761.0174924677417
4,YLLs (Years of Life Lost),1,Global,3,Both,22,All Ages,410,Neoplasms,1,Number,2009,194876254.65482405,197489676.58957142,192161081.69169086
4,YLLs (Years of Life Lost),1,Global,3,Both,22,All Ages,410,Neoplasms,2,Percent,2009,0.10966082750165593,0.11127434376488814,0.10793118647462822
4,YLLs (Years of Life Lost),1,Global,3,Both,22,All Ages,410,Neoplasms,3,Rate,2009,2805.673721315308,2843.2996971327098,2766.5828149091726
4,YLLs (Years of Life Lost),1,Global,3,Both,22,All Ages,410,Neoplasms,1,Number,2010,197953511.93383485,200599738.11657298,195165357.88425985
4,YLLs (Years of Life Lost),1,Global,3,Both,22,All Ages,410,Neoplasms,2,Percent,2010,0.11139043963529097,0.11304846042029908,0.10969289053766466
4,YLLs (Years of Life Lost),1,Global,3,Both,22,All Ages,410,Neoplasms,3,Rate,2010,2814.668225195554,2852.294477341675,2775.023924199707
4,YLLs (Years of Life Lost),1,Global,3,Both,22,All Ages,410,Neoplasms,1,Number,2011,200813955.10563123,203495273.24580935,198004630.33038402
4,YLLs (Years of Life Lost),1,Global,3,Both,22,All Ages,410,Neoplasms,2,Percent,2011,0.11514435218229585,0.11684068215440306,0.11328229174948182
4,YLLs (Years of Life Lost),1,Global,3,Both,22,All Ages,410,Neoplasms,3,Rate,2011,2820.451288055136,2858.1106588801003,2780.9940517453215
4,YLLs (Years of Life Lost),1,Global,3,Both,22,All Ages,410,Neoplasms,1,Number,2012,203937226.42792132,206738042.83804485,200993006.7663536
4,YLLs (Years of Life Lost),1,Global,3,Both,22,All Ages,410,Neoplasms,2,Percent,2012,0.11850234785794614,0.12028118784986645,0.1165934417550293
4,YLLs (Years of Life Lost),1,Global,3,Both,22,All Ages,410,Neoplasms,3,Rate,2012,2829.2757198647673,2868.1321954762075,2788.429772568499
4,YLLs (Years of Life Lost),1,Global,3,Both,22,All Ages,410,Neoplasms,1,Number,2013,207168739.4429967,210041907.84446314,203943117.3217203
4,YLLs (Years of Life Lost),1,Global,3,Both,22,All Ages,410,Neoplasms,2,Percent,2013,0.12197971412382565,0.1238274171537418,0.11990847129588972
4,YLLs (Years of Life Lost),1,Global,3,Both,22,All Ages,410,Neoplasms,3,Rate,2013,2838.858821223633,2878.230202655475,2794.657722942398
4,YLLs (Years of Life Lost),1,Global,3,Both,22,All Ages,410,Neoplasms,1,Number,2015,218418869.7794601,221736969.9846144,215084261.25525072
4,YLLs (Years of Life Lost),1,Global,3,Both,22,All Ages,410,Neoplasms,2,Percent,2015,0.13024741738320014,0.13231529911496068,0.128033440750543
4,YLLs (Years of Life Lost),1,Global,3,Both,22,All Ages,410,Neoplasms,3,Rate,2015,2924.2702340248247,2968.694150663713,2879.6252980844533
4,YLLs (Years of Life Lost),1,Global,3,Both,22,All Ages,410,Neoplasms,1,Number,2014,212271860.49457797,215342382.5539559,208999832.86605102
4,YLLs (Years of Life Lost),1,Global,3,Both,22,All Ages,410,Neoplasms,2,Percent,2014,0.12572150249161546,0.12768004096221672,0.12359392276175742
4,YLLs (Years of Life Lost),1,Global,3,Both,22,All Ages,410,Neoplasms,3,Rate,2014,2874.2330956671326,2915.8090073469834,2829.9287301335316
4,YLLs (Years of Life Lost),1,Global,3,Both,22,All Ages,410,Neoplasms,1,Number,2016,223232896.4691367,226741045.65807852,219797124.86278474
4,YLLs (Years of Life Lost),1,Global,3,Both,22,All Ages,410,Neoplasms,2,Percent,2016,0.13416762059872867,0.13638785856345673,0.13192126962635678
4,YLLs (Years of Life Lost),1,Global,3,Both,22,All Ages,410,Neoplasms,3,Rate,2016,2954.9678024646023,3001.4057068394977,2909.487971158483
4,YLLs (Years of Life Lost),1,Global,3,Both,22,All Ages,410,Neoplasms,1,Number,2017,225738058.91795993,229322358.26413274,221608831.4886383
4,YLLs (Years of Life Lost),1,Global,3,Both,22,All Ages,410,Neoplasms,2,Percent,2017,0.13712666990016256,0.13942244439018722,0.13459868478124848
4,YLLs (Years of Life Lost),1,Global,3,Both,22,All Ages,410,Neoplasms,3,Rate,2017,2954.5064231569318,3001.4184746361875,2900.462240172978
1,Deaths,1,Global,3,Both,22,All Ages,410,Neoplasms,1,Number,1990,5753106.484987337,5902948.048986024,5660626.1701842155
1,Deaths,1,Global,3,Both,22,All Ages,410,Neoplasms,2,Percent,1990,0.12378098861766429,0.12689724253218546,0.1218276552991252
1,Deaths,1,Global,3,Both,22,All Ages,410,Neoplasms,3,Rate,1990,106.64353227734155,109.42109839896291,104.92925365891833
1,Deaths,1,Global,3,Both,22,All Ages,410,Neoplasms,1,Number,1993,6173633.93457876,6322234.379618406,6085456.087069828
1,Deaths,1,Global,3,Both,22,All Ages,410,Neoplasms,2,Percent,1993,0.12797464703662081,0.13111704050303977,0.1261516115223219
1,Deaths,1,Global,3,Both,22,All Ages,410,Neoplasms,3,Rate,1993,109.46498076228785,112.09982193199556,107.90149538503516
1,Deaths,1,Global,3,Both,22,All Ages,410,Neoplasms,1,Number,1992,6011480.93262463,6153359.843710514,5928390.210528262
1,Deaths,1,Global,3,Both,22,All Ages,410,Neoplasms,2,Percent,1992,0.12656361630442226,0.1297262354315494,0.1247858609489924
1,Deaths,1,Global,3,Both,22,All Ages,410,Neoplasms,3,Rate,1992,108.10901684409524,110.66053281167697,106.6147334261849
1,Deaths,1,Global,3,Both,22,All Ages,410,Neoplasms,1,Number,1991,5882381.031378311,6026151.857342492,5796626.039266477
1,Deaths,1,Global,3,Both,22,All Ages,410,Neoplasms,2,Percent,1991,0.12495309662947746,0.12808741825213843,0.12309328571131434
1,Deaths,1,Global,3,Both,22,All Ages,410,Neoplasms,3,Rate,1991,107.37787754060982,110.00229205268303,105.81249287879311
1,Deaths,1,Global,3,Both,22,All Ages,410,Neoplasms,1,Number,1994,6291742.889209823,6442759.442402515,6203835.6323636295
1,Deaths,1,Global,3,Both,22,All Ages,410,Neoplasms,2,Percent,1994,0.12789283591965797,0.1310239656186533,0.12609797460468014
1,Deaths,1,Global,3,Both,22,All Ages,410,Neoplasms,3,Rate,1994,110.04006441381183,112.68128347401453,108.50260168271615
1,Deaths,1,Global,3,Both,22,All Ages,410,Neoplasms,1,Number,1997,6557125.334601461,6697465.634016772,6474791.8979008375
1,Deaths,1,Global,3,Both,22,All Ages,410,Neoplasms,2,Percent,1997,0.13243910881494347,0.1351876223222388,0.13080013483770062
1,Deaths,1,Global,3,Both,22,All Ages,410,Neoplasms,3,Rate,1997,110.15145481282603,112.50899525328225,108.7683566761384
1,Deaths,1,Global,3,Both,22,All Ages,410,Neoplasms,1,Number,1996,6476964.721562056,6624007.507951532,6391034.092444589
1,Deaths,1,Global,3,Both,22,All Ages,410,Neoplasms,2,Percent,1996,0.13170724589902066,0.13474712922214513,0.13005595044373683
1,Deaths,1,Global,3,Both,22,All Ages,410,Neoplasms,3,Rate,1996,110.26438125947647,112.76764977442271,108.8014911468697
1,Deaths,1,Global,3,Both,22,All Ages,410,Neoplasms,1,Number,1995,6401371.732039982,6553474.6205670275,6313259.310844793
1,Deaths,1,Global,3,Both,22,All Ages,410,Neoplasms,2,Percent,1995,0.13041837980913606,0.13352491345786136,0.1286851148818853
1,Deaths,1,Global,3,Both,22,All Ages,410,Neoplasms,3,Rate,1995,110.44594203853529,113.0702462522822,108.92569610195123
1,Deaths,1,Global,3,Both,22,All Ages,410,Neoplasms,1,Number,1999,6795529.15359667,6917503.340093264,6715910.1067995215
1,Deaths,1,Global,3,Both,22,All Ages,410,Neoplasms,2,Percent,1999,0.1351448456767251,0.13745730599413106,0.13353367412076406
1,Deaths,1,Global,3,Both,22,All Ages,410,Neoplasms,3,Rate,1999,111.22018268771387,113.21649393864202,109.91708402827912
1,Deaths,1,Global,3,Both,22,All Ages,410,Neoplasms,1,Number,1998,6664766.907260991,6795325.676965987,6584751.186337398
1,Deaths,1,Global,3,Both,22,All Ages,410,Neoplasms,2,Percent,1998,0.13373876495012657,0.13630574625138117,0.13214587614983891
1,Deaths,1,Global,3,Both,22,All Ages,410,Neoplasms,3,Rate,1998,110.50051365274253,112.66515216373888,109.17386886750336
1,Deaths,1,Global,3,Both,22,All Ages,410,Neoplasms,1,Number,2000,6906581.331470294,7015306.483783154,6823949.478386172
1,Deaths,1,Global,3,Both,22,All Ages,410,Neoplasms,2,Percent,2000,0.13665081390816242,0.1387370046588077,0.13511283166512164
1,Deaths,1,Global,3,Both,22,All Ages,410,Neoplasms,3,Rate,2000,111.59261797867595,113.34933723012915,110.25749943427091
1,Deaths,1,Global,3,Both,22,All Ages,410,Neoplasms,1,Number,2004,7336655.101632236,7430068.460255018,7253837.499504035
1,Deaths,1,Global,3,Both,22,All Ages,410,Neoplasms,2,Percent,2004,0.14294021962758288,0.1446098545044796,0.1412405664150803
1,Deaths,1,Global,3,Both,22,All Ages,410,Neoplasms,3,Rate,2004,112.6277265032343,114.06174978236793,111.35636263060606
1,Deaths,1,Global,3,Both,22,All Ages,410,Neoplasms,1,Number,2003,7266635.880420633,7367653.728761903,7185030.9595053885
1,Deaths,1,Global,3,Both,22,All Ages,410,Neoplasms,2,Percent,2003,0.1417770324640925,0.1435830380079531,0.1401987189895636
1,Deaths,1,Global,3,Both,22,All Ages,410,Neoplasms,3,Rate,2003,112.98328607899616,114.55393426421487,111.71447444773472
1,Deaths,1,Global,3,Both,22,All Ages,410,Neoplasms,1,Number,2001,7004422.285053534,7106239.845471641,6920393.669208994
1,Deaths,1,Global,3,Both,22,All Ages,410,Neoplasms,2,Percent,2001,0.1382574838238447,0.14013633992969346,0.13664675998263662
1,Deaths,1,Global,3,Both,22,All Ages,410,Neoplasms,3,Rate,2001,111.73469870291424,113.35889467126104,110.39427237056024
1,Deaths,1,Global,3,Both,22,All Ages,410,Neoplasms,1,Number,2002,7133298.391260773,7233499.286369967,7050450.882070178
1,Deaths,1,Global,3,Both,22,All Ages,410,Neoplasms,2,Percent,2002,0.139852272953219,0.14171716401456483,0.13826703591168146
1,Deaths,1,Global,3,Both,22,All Ages,410,Neoplasms,3,Rate,2002,112.34281798074863,113.92088892399569,111.03804673263141
1,Deaths,1,Global,3,Both,22,All Ages,410,Neoplasms,1,Number,2008,7790648.230513386,7872917.096890501,7680694.5513204625
1,Deaths,1,Global,3,Both,22,All Ages,410,Neoplasms,2,Percent,2008,0.15009911539511828,0.15152389087019047,0.14795457547761143
1,Deaths,1,Global,3,Both,22,All Ages,410,Neoplasms,3,Rate,2008,113.62238176564115,114.82222859049396,112.01876695155372
1,Deaths,1,Global,3,Both,22,All Ages,410,Neoplasms,1,Number,2007,7617957.092270704,7696984.281656152,7512149.303146928
1,Deaths,1,Global,3,Both,22,All Ages,410,Neoplasms,2,Percent,2007,0.1487683974223857,0.15024274437284593,0.1466798703240434
1,Deaths,1,Global,3,Both,22,All Ages,410,Neoplasms,3,Rate,2007,112.5543221798117,113.7219385928892,110.99102589946727
1,Deaths,1,Global,3,Both,22,All Ages,410,Neoplasms,1,Number,2005,7441081.428249037,7532943.092543772,7356081.249605144
1,Deaths,1,Global,3,Both,22,All Ages,410,Neoplasms,2,Percent,2005,0.1447031555659868,0.1462982581974628,0.14299795859403058
1,Deaths,1,Global,3,Both,22,All Ages,410,Neoplasms,3,Rate,2005,112.78492620527248,114.17727906802223,111.49657330008984
1,Deaths,1,Global,3,Both,22,All Ages,410,Neoplasms,1,Number,2006,7492486.570725585,7576023.432422033,7398349.894036335
1,Deaths,1,Global,3,Both,22,All Ages,410,Neoplasms,2,Percent,2006,0.14660622140911092,0.1480434153948982,0.14462229830116013
1,Deaths,1,Global,3,Both,22,All Ages,410,Neoplasms,3,Rate,2006,112.13430485358265,113.38453704653445,110.72543335249509
1,Deaths,1,Global,3,Both,22,All Ages,410,Neoplasms,1,Number,2009,7957788.815144436,8042178.303754163,7843123.677165127
1,Deaths,1,Global,3,Both,22,All Ages,410,Neoplasms,2,Percent,2009,0.15282311598534742,0.1542755714614415,0.1505773403808432
1,Deaths,1,Global,3,Both,22,All Ages,410,Neoplasms,3,Rate,2009,114.569930533478,115.78490344522108,112.91907283945382
1,Deaths,1,Global,3,Both,22,All Ages,410,Neoplasms,1,Number,2010,8131218.534741701,8220137.584813149,8015172.5922316415
1,Deaths,1,Global,3,Both,22,All Ages,410,Neoplasms,2,Percent,2010,0.153889271132716,0.15531999856556178,0.15163610643372952
1,Deaths,1,Global,3,Both,22,All Ages,410,Neoplasms,3,Rate,2010,115.61645064174667,116.88077589875087,113.96641259061498
1,Deaths,1,Global,3,Both,22,All Ages,410,Neoplasms,1,Number,2011,8294164.774221251,8384610.746033424,8173675.762179947
1,Deaths,1,Global,3,Both,22,All Ages,410,Neoplasms,2,Percent,2011,0.15680788142002522,0.15830653038603032,0.15456174470377096
1,Deaths,1,Global,3,Both,22,All Ages,410,Neoplasms,3,Rate,2011,116.49234092565227,117.76266328727742,114.800061178313
1,Deaths,1,Global,3,Both,22,All Ages,410,Neoplasms,1,Number,2013,8617752.154790504,8720237.998440484,8489358.58930942
1,Deaths,1,Global,3,Both,22,All Ages,410,Neoplasms,2,Percent,2013,0.1617637145302546,0.16335986030197824,0.15946153710217212
1,Deaths,1,Global,3,Both,22,All Ages,410,Neoplasms,3,Rate,2013,118.09012204023928,119.49449821242874,116.33072915628229
1,Deaths,1,Global,3,Both,22,All Ages,410,Neoplasms,1,Number,2012,8460522.212562598,8558742.127320183,8341107.042943537
1,Deaths,1,Global,3,Both,22,All Ages,410,Neoplasms,2,Percent,2012,0.15932505157819457,0.16087355323099203,0.15704837001137167
1,Deaths,1,Global,3,Both,22,All Ages,410,Neoplasms,3,Rate,2012,117.37508885774771,118.73772002076912,115.71841025176431
1,Deaths,1,Global,3,Both,22,All Ages,410,Neoplasms,1,Number,2015,9164466.433877619,9283440.9640329,9018454.538417645
1,Deaths,1,Global,3,Both,22,All Ages,410,Neoplasms,2,Percent,2015,0.16716746145798142,0.1688993919681081,0.16491941563274934
1,Deaths,1,Global,3,Both,22,All Ages,410,Neoplasms,3,Rate,2015,122.69716636830654,124.29004008609229,120.74230669826855
1,Deaths,1,Global,3,Both,22,All Ages,410,Neoplasms,1,Number,2017,9556244.807258667,9692258.59372064,9395665.552115312
1,Deaths,1,Global,3,Both,22,All Ages,410,Neoplasms,2,Percent,2017,0.17081298929507707,0.17266631755512313,0.16832888242446212
1,Deaths,1,Global,3,Both,22,All Ages,410,Neoplasms,3,Rate,2017,125.07410934443685,126.85428592461145,122.9724148272567
1,Deaths,1,Global,3,Both,22,All Ages,410,Neoplasms,1,Number,2016,9403123.584788132,9529811.817649236,9262403.778360195
1,Deaths,1,Global,3,Both,22,All Ages,410,Neoplasms,2,Percent,2016,0.16939681203728454,0.17125616371099725,0.16713841644906138
1,Deaths,1,Global,3,Both,22,All Ages,410,Neoplasms,3,Rate,2016,124.47057703023621,126.1475684368655,122.60784755021491
1,Deaths,1,Global,3,Both,22,All Ages,410,Neoplasms,1,Number,2014,8861703.148101585,8972018.275527498,8716839.418500625
1,Deaths,1,Global,3,Both,22,All Ages,410,Neoplasms,2,Percent,2014,0.16430039917967815,0.16591334100638275,0.1620518912946323
1,Deaths,1,Global,3,Both,22,All Ages,410,Neoplasms,3,Rate,2014,119.99047077133334,121.48417506855643,118.02896666518028
